22_ICLIP_NSUN2_293_group_4007_all-NSUN2-293-hg19_sum_G_hg19--ensembl59_from_3137-3202_bedGraph-cDNA-hits-in-genome	0.8419837296620776	0.5932835820895522
