3_HITSCLIP_Ago2_binding_clusters	0.957175	0.801007556675063
